Бренд;Файл логотип;Заголовок;Описание
Энергостандарт;ENERGOSTANDART.png;«Энергостандарт» — российский производитель оборудования для котельных и систем теплоснабжения. ;"Линейка бренда включает водогрейные и паровые котлы, деаэраторы, баки и вспомогательное оборудование для промышленных и коммунальных объектов.

Оборудование «Энергостандарт» отличается надёжной конструкцией, адаптацией к российским условиям эксплуатации, удобством обслуживания и конкурентной стоимостью. Решения бренда применяются на объектах энергетики, ЖКХ, промышленных предприятиях и в коммерческой недвижимости.

Специалисты ETALON помогут подобрать оборудование «Энергостандарт» под ваши задачи, подготовить техническое решение и коммерческое предложение, а также организовать поставку по России."
FBR;FBR.png;FBR — европейский бренд промышленного горелочного оборудования.;" В линейке представлены газовые, дизельные и комбинированные горелки для котлов различной мощности, в том числе для высоконагруженных промышленных объектов.

Горелки FBR отличаются устойчивой работой в широком диапазоне нагрузок, точной модуляцией мощности, современными системами управления и соответствием европейским требованиям по безопасности и энергоэффективности.

ETALON поставляет горелки FBR, подбирает модели под конкретные котлы и условия эксплуатации, а также помогает с подбором автоматики и обвязки."
ЭнергоГазСервис;EGS.png;«ЭнергоГаз Сервис» — российский бренд, специализирующийся на поставках и сервисе котельного и горелочного оборудования для промышленных и коммерческих объектов.;" Оборудование бренда применяется в системах теплоснабжения, технологическом пароснабжении и энергетике.

Решения «ЭнергоГаз Сервис» сочетают высокую эффективность, надёжность и продуманную конструкцию, упрощающую монтаж и дальнейшее обслуживание. Линейка включает оборудование для работы с различными типами горелок и топлива.

Специалисты ETALON подберут решения «ЭнергоГаз Сервис» под ваши требования по мощности, типу топлива и схеме подключения, а также подготовят техническое и коммерческое предложение."
ЭксЭко;EXECO_logo.png;Горелки ЭксЭко: промышленная эффективность и экологические стандарты;"
Бренд ЭксЭко специализируется на разработке и производстве современных горелочных устройств, адаптированных к жестким условиям эксплуатации. Основной упор сделан на оптимизацию процесса сгорания топлива, что позволяет не только снизить эксплуатационные расходы, но и минимизировать выбросы вредных веществ в атмосферу. Горелки ЭксЭко отличаются высокой точностью настройки мощности и стабильной работой как на газовом, так и на жидком топливе. Выбирая оборудование этого бренда в «ЭТАЛОН КЛИМАТ», вы получаете надежное решение для котельных любой сложности с гарантированным соответствием экологическим нормам."
VANDJORD;Vandjord_logo.svg;Насосы Vandjord: новое слово в надежности инженерных систем;"
Vandjord — это передовое насосное оборудование, созданное на базе глубокой экспертизы в области гидравлики и автоматизации. Линейка бренда включает в себя решения для систем отопления, водоснабжения и водоотведения, ориентированные на максимальную энергоэффективность. Насосы Vandjord производятся из высококачественных коррозионностойких материалов, что обеспечивает им длительный срок службы даже в интенсивных режимах работы. Инженерные решения Ванджорд сочетают в себе простоту монтажа и интеллектуальное управление, делая их идеальным выбором как для частного сектора, так и для крупных индустриальных объектов."
